[{"model": "accounts.user", "pk": 1, "fields": {"password": "pbkdf2_sha256$1200000$rV3u6cAkLoYeaLb8EfI4t2$/keNiQt9VUk9lieV+0ZOoC/G8UC9BtgKJ6DM3YUUE1I=", "last_login": "2026-02-11T11:28:42.789Z", "is_superuser": true, "username": "superadmin", "first_name": "", "last_name": "", "email": "superadmin@gmail.com", "is_staff": true, "is_active": true, "date_joined": "2025-12-27T06:49:33Z", "fcm_token": null, "role": "SUPER_ADMIN", "firebase_uid": null, "groups": [], "user_permissions": [21, 22, 23, 24, 1, 2, 3, 4, 25, 26, 27, 28, 33, 34, 35, 36, 29, 30, 31, 32, 9, 10, 11, 12, 5, 6, 7, 8, 45, 46, 47, 48, 13, 14, 15, 16, 37, 38, 39, 40, 41, 42, 43, 44, 17, 18, 19, 20, 49, 50, 51, 52]}}, {"model": "accounts.user", "pk": 2, "fields": {"password": "", "last_login": null, "is_superuser": false, "username": "5zSspfTWEOcr69We4SGh03FSWFM2", "first_name": "", "last_name": "", "email": "admin@gmail.com", "is_staff": false, "is_active": true, "date_joined": "2025-12-27T11:01:14Z", "fcm_token": "dMyYfo23SIuNZLfbuwvyQl:APA91bHUp5UqCKl9s0CSQ-Ubb7dqs01B70UKURYHZZPOysZNOqTMPk8JhIB9dVMVi26Y14oszfBFXPhBqo1nuAhzX53M0emWWUPcic6zXJsNulTYh5N2TmE", "role": "SALON_OWNER", "firebase_uid": null, "groups": [], "user_permissions": []}}, {"model": "accounts.user", "pk": 3, "fields": {"password": "", "last_login": null, "is_superuser": false, "username": "aPZPw56UZ7bjpU3S15a50SZXquE2", "first_name": "", "last_name": "", "email": "user@gmail.com", "is_staff": false, "is_active": true, "date_joined": "2025-12-27T11:29:29Z", "fcm_token": null, "role": "CUSTOMER", "firebase_uid": null, "groups": [], "user_permissions": []}}, {"model": "accounts.user", "pk": 6, "fields": {"password": "!87W1DVbouNYKYalqcnxRt1CbfW9Ov0wGDkQ6bplC", "last_login": null, "is_superuser": false, "username": "dhruvraj915@gmail.com", "first_name": "", "last_name": "", "email": "dhruvraj915@gmail.com", "is_staff": false, "is_active": true, "date_joined": "2025-12-28T04:27:11.785Z", "fcm_token": null, "role": "EMPLOYEE", "firebase_uid": null, "groups": [], "user_permissions": []}}, {"model": "accounts.user", "pk": 8, "fields": {"password": "!kEsHz9vHFHT9vmAnntN4Th8tb23gkocwF8t9P5RR", "last_login": null, "is_superuser": false, "username": "test@salon.com", "first_name": "", "last_name": "", "email": "test@salon.com", "is_staff": false, "is_active": true, "date_joined": "2025-12-29T15:16:04.805Z", "fcm_token": null, "role": "EMPLOYEE", "firebase_uid": null, "groups": [], "user_permissions": []}}, {"model": "accounts.user", "pk": 27, "fields": {"password": "!VQnt4iNmiuBDg0VU8QvHFGvunveYnFkb3wDiReZa", "last_login": null, "is_superuser": false, "username": "CnJ39ZVjVyR5OyiSdtC4dBZSBfF3", "first_name": "", "last_name": "", "email": "user1@gmail.com", "is_staff": false, "is_active": true, "date_joined": "2026-01-04T06:57:48Z", "fcm_token": "dMyYfo23SIuNZLfbuwvyQl:APA91bHUp5UqCKl9s0CSQ-Ubb7dqs01B70UKURYHZZPOysZNOqTMPk8JhIB9dVMVi26Y14oszfBFXPhBqo1nuAhzX53M0emWWUPcic6zXJsNulTYh5N2TmE", "role": "CUSTOMER", "firebase_uid": null, "groups": [], "user_permissions": []}}, {"model": "accounts.user", "pk": 29, "fields": {"password": "!2nIoEDlPDrxo31yULN3MdEe9bOweOOtKXj57jbzi", "last_login": null, "is_superuser": false, "username": "LTF0r6PIMXeG8hEkrmZnXkMjuKf1", "first_name": "", "last_name": "", "email": "user2@gmail.com", "is_staff": false, "is_active": true, "date_joined": "2026-01-09T08:27:00.226Z", "fcm_token": null, "role": "CUSTOMER", "firebase_uid": "LTF0r6PIMXeG8hEkrmZnXkMjuKf1", "groups": [], "user_permissions": []}}, {"model": "accounts.user", "pk": 30, "fields": {"password": "!QSZOCJlaim9hZ2SHF5w4fJ70MiBH1zx5UiMgOSDM", "last_login": null, "is_superuser": false, "username": "KnGjDUCMyMXkO9q3UCNie38TeC02", "first_name": "", "last_name": "", "email": "admin3@gmail.com", "is_staff": false, "is_active": true, "date_joined": "2026-01-09T08:39:39.743Z", "fcm_token": null, "role": "SALON_OWNER", "firebase_uid": "KnGjDUCMyMXkO9q3UCNie38TeC02", "groups": [], "user_permissions": []}}, {"model": "accounts.user", "pk": 35, "fields": {"password": "!hQMmG37umbODewuWxbjYf3UR8Rw1cjpRG7mnipyQ", "last_login": null, "is_superuser": false, "username": "uJVuaGL2b1Qiy1M23SaxyqYa1Lr1", "first_name": "", "last_name": "", "email": "admin2@gmail.com", "is_staff": false, "is_active": true, "date_joined": "2026-01-31T08:02:18.394Z", "fcm_token": null, "role": "SALON_OWNER", "firebase_uid": "uJVuaGL2b1Qiy1M23SaxyqYa1Lr1", "groups": [], "user_permissions": []}}, {"model": "accounts.user", "pk": 36, "fields": {"password": "!4vNWreHQxmygM7NqhTPazIb4ZCV5JInHDa2s0CtV", "last_login": null, "is_superuser": false, "username": "staff1s2@gmail.com", "first_name": "", "last_name": "", "email": "staff1s2@gmail.com", "is_staff": false, "is_active": true, "date_joined": "2026-01-31T08:04:13.957Z", "fcm_token": null, "role": "EMPLOYEE", "firebase_uid": null, "groups": [], "user_permissions": []}}, {"model": "accounts.user", "pk": 37, "fields": {"password": "!KLzVvAZdPGIFHGOLcydsUTk9A0WUY9qP9RyMgWVK", "last_login": null, "is_superuser": false, "username": "staff2s2@gmail.com", "first_name": "", "last_name": "", "email": "staff2s2@gmail.com", "is_staff": false, "is_active": true, "date_joined": "2026-01-31T08:06:26.339Z", "fcm_token": null, "role": "EMPLOYEE", "firebase_uid": null, "groups": [], "user_permissions": []}}, {"model": "accounts.user", "pk": 38, "fields": {"password": "!VyW4jq0nuG6lpFLspucC9n82ugKI1IuBKBvKtTh5", "last_login": null, "is_superuser": false, "username": "mI4Y0Xh4hVT8SVNH5Qg2wOz6Bc52", "first_name": "", "last_name": "", "email": "salon3@gmail.com", "is_staff": false, "is_active": true, "date_joined": "2026-02-16T11:57:44.005Z", "fcm_token": "dMyYfo23SIuNZLfbuwvyQl:APA91bHUp5UqCKl9s0CSQ-Ubb7dqs01B70UKURYHZZPOysZNOqTMPk8JhIB9dVMVi26Y14oszfBFXPhBqo1nuAhzX53M0emWWUPcic6zXJsNulTYh5N2TmE", "role": "SALON_OWNER", "firebase_uid": "mI4Y0Xh4hVT8SVNH5Qg2wOz6Bc52", "groups": [], "user_permissions": []}}, {"model": "api.appuser", "pk": 1, "fields": {"firebase_uid": "5zSspfTWEOcr69We4SGh03FSWFM2", "email": "admin@gmail.com", "role": "SALON_OWNER", "created_at": "2025-12-27T11:10:45.572Z", "updated_at": "2025-12-27T11:10:45.572Z"}}, {"model": "api.appuser", "pk": 2, "fields": {"firebase_uid": "aPZPw56UZ7bjpU3S15a50SZXquE2", "email": "user@gmail.com", "role": "SALON_OWNER", "created_at": "2025-12-27T11:29:29.509Z", "updated_at": "2025-12-27T11:29:29.509Z"}}, {"model": "api.appuser", "pk": 3, "fields": {"firebase_uid": "FUVoKqeg19UlimcUDl3m3dEALxv1", "email": "itsrealme343@gmail.com", "role": "SALON_OWNER", "created_at": "2025-12-31T05:27:35.652Z", "updated_at": "2025-12-31T05:27:35.652Z"}}, {"model": "api.appuser", "pk": 4, "fields": {"firebase_uid": "eHWHXwziYwZ18hIg6G9q2yAi2hr1", "email": "demo1@gmail.com", "role": "SALON_OWNER", "created_at": "2025-12-31T05:37:36.775Z", "updated_at": "2025-12-31T05:37:36.777Z"}}, {"model": "api.appuser", "pk": 5, "fields": {"firebase_uid": "o9VqHySxt3fxqSt5JWy9hhfpe5u2", "email": "itsrealme@gmail.com", "role": "SALON_OWNER", "created_at": "2025-12-31T05:41:08.463Z", "updated_at": "2025-12-31T05:41:08.463Z"}}, {"model": "api.appuser", "pk": 6, "fields": {"firebase_uid": "QPCTF1smQcbmwjOFbSF5xQlgLQm2", "email": "salon@gmail.com", "role": "SALON_OWNER", "created_at": "2025-12-31T08:37:50.778Z", "updated_at": "2025-12-31T08:37:50.778Z"}}, {"model": "api.appuser", "pk": 7, "fields": {"firebase_uid": "mcvexAXRcGWjfH4wsQPmMGl2Ywq2", "email": "customer1@gmail.com", "role": "SALON_OWNER", "created_at": "2025-12-31T08:50:52.375Z", "updated_at": "2025-12-31T08:50:52.375Z"}}, {"model": "api.appuser", "pk": 8, "fields": {"firebase_uid": "zi92phgOLpOi0a4FJ7lrl1GzlY43", "email": "admin11@gmail.com", "role": "SALON_OWNER", "created_at": "2025-12-31T13:46:57.454Z", "updated_at": "2025-12-31T13:46:57.454Z"}}, {"model": "api.appuser", "pk": 9, "fields": {"firebase_uid": "LJxldcK2CXalkXuHRcBGjAcXnf73", "email": "admin11@gmail.com", "role": "SALON_OWNER", "created_at": "2025-12-31T13:53:27.298Z", "updated_at": "2025-12-31T13:53:27.298Z"}}, {"model": "api.appuser", "pk": 10, "fields": {"firebase_uid": "u0rX2nqylZSvnvTFWhhZLJwD0fz1", "email": "user2@gmail.com", "role": "SALON_OWNER", "created_at": "2025-12-31T16:21:48.504Z", "updated_at": "2025-12-31T16:21:48.504Z"}}, {"model": "api.appuser", "pk": 11, "fields": {"firebase_uid": "CO8t9gUzlCOXRPXokuXsupUvle23", "email": "admin2@gmail.com", "role": "SALON_OWNER", "created_at": "2025-12-31T16:31:54.668Z", "updated_at": "2025-12-31T16:31:54.668Z"}}, {"model": "api.appuser", "pk": 12, "fields": {"firebase_uid": "EQJW6aNZ4UargZ3BWbzpNMa78nk2", "email": "admin3@gmail.com", "role": "SALON_OWNER", "created_at": "2026-01-03T14:34:28.157Z", "updated_at": "2026-01-03T14:34:28.157Z"}}, {"model": "api.appuser", "pk": 13, "fields": {"firebase_uid": "CnJ39ZVjVyR5OyiSdtC4dBZSBfF3", "email": "user1@gmail.com", "role": "SALON_OWNER", "created_at": "2026-01-03T15:38:07.888Z", "updated_at": "2026-01-03T15:38:07.888Z"}}, {"model": "api.appuser", "pk": 14, "fields": {"firebase_uid": "z5sPskNKSPezPdWjukvEe5iMMKo1", "email": "user4@gmail.com", "role": "SALON_OWNER", "created_at": "2026-01-27T06:15:59.948Z", "updated_at": "2026-01-27T06:15:59.948Z"}}, {"model": "api.appuser", "pk": 15, "fields": {"firebase_uid": "vgwnu5zyLnebTKw7a3WSOJUxLGF3", "email": "user6@gmail.com", "role": "SALON_OWNER", "created_at": "2026-01-27T08:13:06.248Z", "updated_at": "2026-01-27T08:13:06.249Z"}}, {"model": "api.appuser", "pk": 16, "fields": {"firebase_uid": "LTF0r6PIMXeG8hEkrmZnXkMjuKf1", "email": "user2@gmail.com", "role": "SALON_OWNER", "created_at": "2026-01-27T18:13:39.115Z", "updated_at": "2026-01-27T18:13:39.115Z"}}, {"model": "api.appuser", "pk": 17, "fields": {"firebase_uid": "KnGjDUCMyMXkO9q3UCNie38TeC02", "email": "admin3@gmail.com", "role": "SALON_OWNER", "created_at": "2026-01-27T19:10:08.525Z", "updated_at": "2026-01-27T19:10:08.525Z"}}, {"model": "api.appuser", "pk": 18, "fields": {"firebase_uid": "uJVuaGL2b1Qiy1M23SaxyqYa1Lr1", "email": "admin2@gmail.com", "role": "SALON_OWNER", "created_at": "2026-01-31T08:09:12.758Z", "updated_at": "2026-01-31T08:09:12.758Z"}}, {"model": "salons.salon", "pk": 1, "fields": {"owner": 2, "name": "Sanjay Nai", "salon_type": "unisex", "address": "Katargam Surat", "city": "Surat", "state": "Gujarat", "pincode": "395004", "phone": "8989898000", "about": "", "image_url": "https://images.pexels.com/photos/853427/pexels-photo-853427.jpeg?cs=srgb&dl=pexels-delbeautybox-211032-853427.jpg&fm=jpg", "hours": {"Mon": "09:00-19:00", "Tue": "09:00-19:00", "Wed": "09:00-19:00", "Thu": "09:00-19:00", "Fri": "09:00-19:00", "Sat": "09:00-19:00", "Sun": "Closed"}, "blockout_dates": [], "latitude": "21.209489", "longitude": "72.831706", "rating": 3.7, "is_open": true, "created_at": "2025-12-27T12:23:04.663Z", "updated_at": "2026-02-13T16:23:10.371Z"}}, {"model": "salons.salon", "pk": 3, "fields": {"owner": 30, "name": "Gentleman unisex salon", "salon_type": "male", "address": "Gentleman unisex salon\r\nfast floor, AMBIKA residency, 6,7, 39, Patidar Samaj Hall Rd, near shubh Lakshmi hights, Aamba Talavadi,", "city": "Surat", "state": "Gujarat", "pincode": "395007", "phone": "9784645131", "about": "NA", "image_url": "https://media.istockphoto.com/id/1856117770/photo/modern-beauty-salon.jpg?s=612x612&w=0&k=20&c=dVZtsePk2pgbqDXwVkMm-yIw5imnZ2rnkAruR7zf8EA=", "hours": {"Mon": "09:00-19:00", "Tue": "09:00-19:00", "Wed": "09:00-19:00", "Thu": "09:00-19:00", "Fri": "09:00-19:00", "Sat": "09:00-19:00", "Sun": "Closed"}, "blockout_dates": [], "latitude": "21.209489", "longitude": "72.831706", "rating": 0.0, "is_open": true, "created_at": "2026-01-09T08:40:27.700Z", "updated_at": "2026-01-30T05:25:34.923Z"}}, {"model": "salons.salon", "pk": 4, "fields": {"owner": 35, "name": "SALON2", "salon_type": "unisex", "address": "mira road", "city": "Mumbai", "state": "Maharashtra", "pincode": "395007", "phone": "9825436794", "about": "NAA", "image_url": "", "hours": {"Mon": "09:00-19:00", "Tue": "09:00-19:00", "Wed": "09:00-19:00", "Thu": "09:00-19:00", "Fri": "09:00-19:00", "Sat": "09:00-19:00", "Sun": "Closed"}, "blockout_dates": [], "latitude": "19.281315", "longitude": "72.874782", "rating": 0.0, "is_open": true, "created_at": "2026-01-31T08:03:22.158Z", "updated_at": "2026-01-31T08:31:14.797Z"}}, {"model": "salons.salon", "pk": 5, "fields": {"owner": 38, "name": "SALON 3", "salon_type": "unisex", "address": "ldrp ITR", "city": "Gandhinagar", "state": "Gujarat", "pincode": "382016", "phone": "9879787974", "about": "NA", "image_url": "", "hours": {"Mon": "09:00-19:00", "Tue": "09:00-19:00", "Wed": "09:00-19:00", "Thu": "09:00-19:00", "Fri": "09:00-19:00", "Sat": "09:00-19:00", "Sun": "Closed"}, "blockout_dates": [], "latitude": null, "longitude": null, "rating": 0.0, "is_open": true, "created_at": "2026-02-16T12:30:09.467Z", "updated_at": "2026-02-16T12:33:18.274Z"}}, {"model": "services.service", "pk": 2, "fields": {"salon": 1, "name": "HAIR CUT", "description": "NA", "category": "hair", "price": "199.00", "duration": 30, "is_active": true, "created_at": "2025-12-27T16:20:27.026Z", "updated_at": "2025-12-27T16:28:53.767Z"}}, {"model": "services.service", "pk": 3, "fields": {"salon": 1, "name": "HEAD MASSAGE", "description": "", "category": "massage", "price": "59.00", "duration": 15, "is_active": true, "created_at": "2025-12-27T16:41:13Z", "updated_at": "2025-12-28T08:27:37.356Z"}}, {"model": "services.service", "pk": 4, "fields": {"salon": 1, "name": "SPA", "description": "Here the spa done by 2 men", "category": "spa", "price": "299.00", "duration": 30, "is_active": true, "created_at": "2025-12-28T08:27:23.334Z", "updated_at": "2025-12-28T08:27:23.334Z"}}, {"model": "services.service", "pk": 5, "fields": {"salon": 4, "name": "HAIR CUT", "description": "STYLISH HAIR", "category": "hair", "price": "199.00", "duration": 30, "is_active": true, "created_at": "2026-01-31T08:04:38.961Z", "updated_at": "2026-01-31T08:04:38.961Z"}}, {"model": "services.service", "pk": 6, "fields": {"salon": 4, "name": "HEAD MESSAGE", "description": "HEAD MESSAGE", "category": "massage", "price": "99.00", "duration": 15, "is_active": true, "created_at": "2026-01-31T08:05:00.292Z", "updated_at": "2026-01-31T08:05:00.292Z"}}, {"model": "services.service", "pk": 7, "fields": {"salon": 4, "name": "NAILS", "description": "NAILS", "category": "nails", "price": "59.00", "duration": 15, "is_active": true, "created_at": "2026-01-31T08:05:15.781Z", "updated_at": "2026-01-31T08:05:15.781Z"}}, {"model": "services.service", "pk": 8, "fields": {"salon": 4, "name": "HAIR COLOR", "description": "HAIR COLOUR", "category": "hair", "price": "299.00", "duration": 45, "is_active": true, "created_at": "2026-01-31T08:05:48.381Z", "updated_at": "2026-01-31T08:05:48.382Z"}}, {"model": "services.service", "pk": 9, "fields": {"salon": 1, "name": "hair color", "description": "", "category": "hair", "price": "299.00", "duration": 30, "is_active": true, "created_at": "2026-02-14T07:45:56.456Z", "updated_at": "2026-02-14T07:45:56.457Z"}}, {"model": "bookings.booking", "pk": 1, "fields": {"user": 27, "salon": 1, "service": 2, "staff": null, "booking_date": "2025-12-31", "booking_time": "18:00:00", "end_time": "12:00:00", "price": "199.00", "status": "COMPLETED", "customer_name": "M", "customer_phone": "9876432155", "notes": "na", "created_at": "2025-12-30T11:36:04.034Z", "updated_at": "2026-01-26T16:37:16.135Z"}}, {"model": "bookings.booking", "pk": 5, "fields": {"user": 27, "salon": 1, "service": 4, "staff": null, "booking_date": "2026-01-06", "booking_time": "21:30:00", "end_time": "22:00:00", "price": "0.00", "status": "COMPLETED", "customer_name": "user1", "customer_phone": "", "notes": "", "created_at": "2026-01-06T14:03:56.474Z", "updated_at": "2026-01-06T15:17:34.699Z"}}, {"model": "bookings.booking", "pk": 12, "fields": {"user": 27, "salon": 1, "service": 4, "staff": 4, "booking_date": "2026-01-08", "booking_time": "15:30:00", "end_time": "16:00:00", "price": "299.00", "status": "COMPLETED", "customer_name": "user1", "customer_phone": "", "notes": "", "created_at": "2026-01-08T13:19:26.561Z", "updated_at": "2026-01-08T15:51:47.894Z"}}, {"model": "bookings.booking", "pk": 15, "fields": {"user": 27, "salon": 1, "service": 4, "staff": 4, "booking_date": "2026-01-19", "booking_time": "11:00:00", "end_time": "11:30:00", "price": "299.00", "status": "CANCELLED", "customer_name": "user1", "customer_phone": "", "notes": "", "created_at": "2026-01-19T09:31:32.283Z", "updated_at": "2026-01-26T16:36:03.794Z"}}, {"model": "bookings.booking", "pk": 17, "fields": {"user": 27, "salon": 1, "service": 3, "staff": 4, "booking_date": "2026-01-27", "booking_time": "16:30:29", "end_time": "16:45:29", "price": "59.00", "status": "COMPLETED", "customer_name": "user1", "customer_phone": "9876432155", "notes": "", "created_at": "2026-01-26T16:30:34.359Z", "updated_at": "2026-01-26T16:34:01.741Z"}}, {"model": "bookings.booking", "pk": 18, "fields": {"user": 27, "salon": 1, "service": 2, "staff": 4, "booking_date": "2026-01-31", "booking_time": "09:00:00", "end_time": "09:30:00", "price": "199.00", "status": "COMPLETED", "customer_name": "mithil user1", "customer_phone": "3265986565", "notes": "", "created_at": "2026-01-30T04:26:40.478Z", "updated_at": "2026-02-06T05:12:38.772Z"}}, {"model": "bookings.booking", "pk": 19, "fields": {"user": 27, "salon": 1, "service": 2, "staff": 4, "booking_date": "2026-02-09", "booking_time": "15:30:00", "end_time": "16:00:00", "price": "199.00", "status": "NO_SHOW", "customer_name": "mithil user1", "customer_phone": "3265986565", "notes": "", "created_at": "2026-02-09T08:34:28.832Z", "updated_at": "2026-02-11T12:49:14.831Z"}}, {"model": "bookings.booking", "pk": 20, "fields": {"user": 27, "salon": 1, "service": 4, "staff": 4, "booking_date": "2026-02-09", "booking_time": "16:30:00", "end_time": "17:00:00", "price": "299.00", "status": "CANCELLED", "customer_name": "mithil user1", "customer_phone": "3265986565", "notes": "", "created_at": "2026-02-09T08:36:41.459Z", "updated_at": "2026-02-09T08:57:45.480Z"}}, {"model": "bookings.booking", "pk": 21, "fields": {"user": 27, "salon": 1, "service": 3, "staff": 4, "booking_date": "2026-02-09", "booking_time": "15:00:00", "end_time": "15:15:00", "price": "59.00", "status": "COMPLETED", "customer_name": "mithil user1", "customer_phone": "3265986565", "notes": "", "created_at": "2026-02-09T08:58:03.217Z", "updated_at": "2026-02-10T11:21:38.337Z"}}, {"model": "bookings.booking", "pk": 22, "fields": {"user": 27, "salon": 1, "service": 2, "staff": 4, "booking_date": "2026-02-12", "booking_time": "09:30:00", "end_time": "10:00:00", "price": "199.00", "status": "COMPLETED", "customer_name": "mithil user1", "customer_phone": "3265986565", "notes": "", "created_at": "2026-02-11T12:48:22.459Z", "updated_at": "2026-02-11T12:49:42.444Z"}}, {"model": "bookings.booking", "pk": 23, "fields": {"user": 27, "salon": 1, "service": 2, "staff": 4, "booking_date": "2026-02-12", "booking_time": "14:30:00", "end_time": "15:00:00", "price": "199.00", "status": "COMPLETED", "customer_name": "mithil user1", "customer_phone": "3265986565", "notes": "", "created_at": "2026-02-11T13:10:04.819Z", "updated_at": "2026-02-11T13:11:24.523Z"}}, {"model": "bookings.booking", "pk": 24, "fields": {"user": 27, "salon": 1, "service": 4, "staff": 4, "booking_date": "2026-02-12", "booking_time": "11:00:00", "end_time": "11:30:00", "price": "299.00", "status": "CONFIRMED", "customer_name": "mithil user1", "customer_phone": "3265986565", "notes": "", "created_at": "2026-02-11T15:57:59.066Z", "updated_at": "2026-02-11T15:57:59.066Z"}}, {"model": "bookings.booking", "pk": 25, "fields": {"user": 27, "salon": 1, "service": 2, "staff": 4, "booking_date": "2026-02-14", "booking_time": "19:00:00", "end_time": "19:30:00", "price": "199.00", "status": "CANCELLED", "customer_name": "mithil user1", "customer_phone": "3265986565", "notes": "", "created_at": "2026-02-13T16:24:30.594Z", "updated_at": "2026-02-14T04:40:45.289Z"}}, {"model": "bookings.booking", "pk": 26, "fields": {"user": 27, "salon": 1, "service": 2, "staff": 4, "booking_date": "2026-02-14", "booking_time": "13:00:00", "end_time": "13:30:00", "price": "199.00", "status": "COMPLETED", "customer_name": "mithil user1", "customer_phone": "3265986565", "notes": "", "created_at": "2026-02-14T04:44:22.867Z", "updated_at": "2026-02-14T04:46:28.954Z"}}, {"model": "bookings.booking", "pk": 27, "fields": {"user": 27, "salon": 1, "service": 4, "staff": 4, "booking_date": "2026-02-14", "booking_time": "17:30:00", "end_time": "18:00:00", "price": "299.00", "status": "CONFIRMED", "customer_name": "mithil user1", "customer_phone": "3265986565", "notes": "", "created_at": "2026-02-14T07:43:06.518Z", "updated_at": "2026-02-14T07:43:06.518Z"}}, {"model": "bookings.booking", "pk": 28, "fields": {"user": 27, "salon": 1, "service": 3, "staff": 2, "booking_date": "2026-02-17", "booking_time": "17:30:00", "end_time": "17:45:00", "price": "59.00", "status": "CONFIRMED", "customer_name": "mithil user1", "customer_phone": "3265986565", "notes": "", "created_at": "2026-02-16T16:09:34.362Z", "updated_at": "2026-02-16T16:09:34.362Z"}}, {"model": "bookings.booking", "pk": 29, "fields": {"user": 27, "salon": 4, "service": 7, "staff": 7, "booking_date": "2026-03-06", "booking_time": "16:30:00", "end_time": "16:45:00", "price": "59.00", "status": "CONFIRMED", "customer_name": "mithil user1", "customer_phone": "3265986565", "notes": "", "created_at": "2026-03-06T07:40:06.729Z", "updated_at": "2026-03-06T07:40:06.729Z"}}, {"model": "bookings.timeslot", "pk": 1, "fields": {"salon": 1, "day_of_week": 0, "start_time": "09:00:00", "end_time": "21:00:00", "is_active": true}}, {"model": "reviews.review", "pk": 1, "fields": {"user": 27, "salon": 1, "service": 4, "booking": 12, "rating": 2, "title": "", "comment": "ok", "service_quality_rating": null, "staff_behavior_rating": null, "ambiance_rating": null, "value_for_money_rating": null, "is_verified": true, "is_approved": true, "is_edited": false, "owner_reply": "", "owner_replied_at": null, "helpful_count": 0, "not_helpful_count": 0, "images": [], "created_at": "2026-01-29T15:53:52.972Z", "updated_at": "2026-01-29T15:53:52.972Z"}}, {"model": "reviews.review", "pk": 2, "fields": {"user": 27, "salon": 1, "service": 4, "booking": 5, "rating": 4, "title": "", "comment": "hello", "service_quality_rating": null, "staff_behavior_rating": null, "ambiance_rating": null, "value_for_money_rating": null, "is_verified": true, "is_approved": true, "is_edited": false, "owner_reply": "", "owner_replied_at": null, "helpful_count": 0, "not_helpful_count": 0, "images": [], "created_at": "2026-02-10T11:19:54.240Z", "updated_at": "2026-02-10T11:19:54.240Z"}}, {"model": "reviews.review", "pk": 3, "fields": {"user": 27, "salon": 1, "service": 2, "booking": 1, "rating": 5, "title": "", "comment": "nice", "service_quality_rating": null, "staff_behavior_rating": null, "ambiance_rating": null, "value_for_money_rating": null, "is_verified": true, "is_approved": true, "is_edited": false, "owner_reply": "", "owner_replied_at": null, "helpful_count": 0, "not_helpful_count": 0, "images": [], "created_at": "2026-02-10T11:20:39.941Z", "updated_at": "2026-02-10T11:20:39.941Z"}}, {"model": "staff.employee", "pk": 2, "fields": {"user": 6, "salon": 1, "full_name": "Dhruvraj", "email": "dhruvraj915@gmail.com", "phone": "9872546987", "role": "specialist", "primary_skill": "beard_trim", "working_days": ["Mon", "Tue", "Wed", "Thu", "Sun"], "shift_start_time": "10:00:00", "shift_end_time": "18:00:00", "is_active": true, "created_at": "2025-12-28T04:27:11Z"}}, {"model": "staff.employee", "pk": 4, "fields": {"user": 8, "salon": 1, "full_name": "Test User", "email": "test@salon.com", "phone": "1234567890", "role": "stylist", "primary_skill": "hair_styling", "working_days": ["Mon", "Tue", "Wed", "Thu", "Fri", "Sat", "Sun"], "shift_start_time": "10:00:00", "shift_end_time": "22:00:00", "is_active": true, "created_at": "2025-12-29T15:16:04.811Z"}}, {"model": "staff.employee", "pk": 6, "fields": {"user": 36, "salon": 4, "full_name": "STAFF1 SALON2", "email": "staff1s2@gmail.com", "phone": "9854679840", "role": "stylist", "primary_skill": "hair_styling", "working_days": ["Mon", "Tue", "Fri", "Wed", "Thu", "Sun"], "shift_start_time": "10:00:00", "shift_end_time": "18:00:00", "is_active": true, "created_at": "2026-01-31T08:04:14.012Z"}}, {"model": "staff.employee", "pk": 7, "fields": {"user": 37, "salon": 4, "full_name": "STAFF2 SALON2", "email": "staff2s2@gmail.com", "phone": "9898989865", "role": "specialist", "primary_skill": "coloring", "working_days": ["Tue", "Fri", "Wed", "Thu", "Sun", "Mon"], "shift_start_time": "10:00:00", "shift_end_time": "18:00:00", "is_active": true, "created_at": "2026-01-31T08:06:26.355Z"}}, {"model": "chatbot.chathistory", "pk": 171, "fields": {"user": 2, "salon": 1, "user_message": "Show me detailed weekly revenue and booking analysis", "bot_response": "рџ“€ **This Week's Performance**\n\nрџ“Љ Bookings: 6\nрџ’° Revenue: в‚№756\nрџ’µ Avg Value: в‚№126\nвЏ° Peak Hours: 15:00, 16:00, 14:00\nрџ“† Busiest Days: Monday, Thursday\n\nрџ’Ў **Insight:** Bookings are low. Try running a weekend special offer!", "intent": null, "created_at": "2026-02-13T16:26:25.859Z"}}, {"model": "chatbot.chathistory", "pk": 172, "fields": {"user": 2, "salon": 1, "user_message": "What are my most popular and profitable services?", "bot_response": "вњ‚пёЏ **Most Popular Services:**\n\n1. **HAIR CUT**\n   рџ“Љ 3 bookings | в‚№597\n\n2. **SPA**\n   рџ“Љ 1 bookings | в‚№299\n\n3. **HEAD MASSAGE**\n   рџ“Љ 1 bookings | в‚№59\n\n", "intent": null, "created_at": "2026-02-13T16:27:51.996Z"}}, {"model": "chatbot.chathistory", "pk": 173, "fields": {"user": 2, "salon": 1, "user_message": "Who are my top performing staff members this month?", "bot_response": "рџ‘‹ Hello! Welcome to **Sanjay Nai** AI Assistant!\n\nрџ“Љ **Quick Overview:**\nвЂў Today: 0 bookings, в‚№0\nвЂў This Week: 6 bookings, в‚№756\nвЂў Growth: +71.5% vs last month\nвЂў Team: 3 active members\n\nWhat would you like to explore?", "intent": null, "created_at": "2026-02-13T16:28:01.605Z"}}, {"model": "chatbot.chathistory", "pk": 174, "fields": {"user": 2, "salon": 1, "user_message": "Tell me about my customer retention and behavior patterns", "bot_response": "рџ‘Ґ **Customer Insights**\n\nрџ“Љ This Month:\nвЂў Total Customers: 1\nвЂў Repeat Customers: 100.0%\nвЂў Avg Visits: 7.0\n\nрџ’Ў **Tip:** Great retention! Consider a referral program to grow your customer base.", "intent": null, "created_at": "2026-02-13T16:28:05.408Z"}}, {"model": "chatbot.chathistory", "pk": 175, "fields": {"user": 2, "salon": 1, "user_message": "Analyze my business data and give me actionable recommendations", "bot_response": "рџ¤– I can help you with detailed insights about **Sanjay Nai**!\n\nрџ“Љ **Ask me about:**\nвЂў Today's bookings and performance\nвЂў Weekly/monthly revenue reports\nвЂў Staff performance and scheduling\nвЂў Popular services analysis\nвЂў Customer retention metrics\nвЂў Business recommendations\n\nOr try: \"Show monthly report\", \"Who's top staff?\", \"Revenue analysis\"\n\nWhat would you like to know?", "intent": null, "created_at": "2026-02-13T16:28:09.779Z"}}, {"model": "chatbot.chathistory", "pk": 176, "fields": {"user": 2, "salon": 1, "user_message": "Hii", "bot_response": "рџ‘‹ Hello! Welcome to **Sanjay Nai** AI Assistant!\n\nрџ“Љ **Quick Overview:**\nвЂў Today: 0 bookings, в‚№0\nвЂў This Week: 6 bookings, в‚№756\nвЂў Growth: +71.5% vs last month\nвЂў Team: 3 active members\n\nWhat would you like to explore?", "intent": null, "created_at": "2026-02-13T16:31:05.588Z"}}, {"model": "chatbot.chathistory", "pk": 177, "fields": {"user": 2, "salon": 1, "user_message": "Show me detailed weekly revenue and booking analysis", "bot_response": "рџ“€ **This Week's Performance**\n\nрџ“Љ Bookings: 8\nрџ’° Revenue: в‚№955\nрџ’µ Avg Value: в‚№119\nвЏ° Peak Hours: 15:00, 19:00, 16:00\nрџ“† Busiest Days: Monday, Thursday, Saturday\n\nрџ’Ў **Insight:** Bookings are low. Try running a weekend special offer!", "intent": null, "created_at": "2026-02-14T04:48:58.569Z"}}, {"model": "chatbot.chathistory", "pk": 178, "fields": {"user": 2, "salon": 1, "user_message": "Who are my top performing staff members this month?", "bot_response": "рџ‘‹ Hello! Welcome to **Sanjay Nai** AI Assistant!\n\nрџ“Љ **Quick Overview:**\nвЂў Today: 2 bookings, в‚№398\nвЂў This Week: 8 bookings, в‚№955\nвЂў Growth: +71.5% vs last month\nвЂў Team: 3 active members\n\nWhat would you like to explore?", "intent": null, "created_at": "2026-02-14T04:49:15.515Z"}}, {"model": "chatbot.chathistory", "pk": 179, "fields": {"user": 2, "salon": 1, "user_message": "What are my most popular and profitable services?", "bot_response": "вњ‚пёЏ **Most Popular Services:**\n\n1. **HAIR CUT**\n   рџ“Љ 3 bookings | в‚№597\n\n2. **SPA**\n   рџ“Љ 1 bookings | в‚№299\n\n3. **HEAD MASSAGE**\n   рџ“Љ 1 bookings | в‚№59\n\n", "intent": null, "created_at": "2026-02-14T04:49:19.857Z"}}, {"model": "chatbot.chathistory", "pk": 180, "fields": {"user": 2, "salon": 1, "user_message": "Show me detailed weekly revenue and booking analysis", "bot_response": "рџ“€ **This Week's Performance**\n\nрџ“Љ Bookings: 9\nрџ’° Revenue: в‚№1,254\nрџ’µ Avg Value: в‚№139\nвЏ° Peak Hours: 15:00, 19:00, 17:00\nрџ“† Busiest Days: Monday, Thursday, Saturday\n\nрџ’Ў **Insight:** Bookings are low. Try running a weekend special offer!", "intent": null, "created_at": "2026-02-14T07:48:19.859Z"}}, {"model": "chatbot.chathistory", "pk": 181, "fields": {"user": 2, "salon": 1, "user_message": "What are my most popular and profitable services?", "bot_response": "вњ‚пёЏ **Most Popular Services:**\n\n1. **SPA**\n   рџ“Љ 2 bookings | в‚№598\n\n2. **HAIR CUT**\n   рџ“Љ 3 bookings | в‚№597\n\n3. **HEAD MASSAGE**\n   рџ“Љ 1 bookings | в‚№59\n\n", "intent": null, "created_at": "2026-02-14T07:48:31.499Z"}}, {"model": "chatbot.userchathistory", "pk": 50, "fields": {"user": 27, "user_message": "Book at Modi SALON", "bot_response": "рџ“… **Ready to Book Your Appointment?**\n\nIt's super easy! Just follow these steps:\n\n1пёЏвѓЈ Open the **Explore** tab\n2пёЏвѓЈ Choose your favorite salon\n3пёЏвѓЈ Select the service you want\n4пёЏвѓЈ Pick your preferred date & time\n5пёЏвѓЈ Confirm your booking!\n\nвњЁ **Pro Tips:**\nвЂў Morning slots (9-11 AM) are less crowded\nвЂў Book 2-3 days ahead for best times\nвЂў Check for special offers\n\nрџ’™ Quick book at your favorite: **Modi SALON**", "intent": "booking_help", "created_at": "2026-02-02T06:20:43.052Z", "salon_mentioned": null}}, {"model": "chatbot.userchathistory", "pk": 51, "fields": {"user": 27, "user_message": "Find salons near me", "bot_response": "рџЄ’ **Looking for Salons?**\n\nрџ’™ Your favorite: **Modi SALON** (4 visits)\n\nI can help you find the perfect salon in **surat**!\n\nрџ“Ќ **Browse Options:**\nвЂў Head to the **Explore** tab\nвЂў Filter by location & services\nвЂў Check ratings & reviews\nвЂў View photos & prices\n\nрџ’Ў **Quick Search:**\nTry: \"Find salons in [city name]\"", "intent": "find_salon", "created_at": "2026-02-02T06:20:45.317Z", "salon_mentioned": null}}, {"model": "chatbot.userchathistory", "pk": 52, "fields": {"user": 27, "user_message": "Popular services this month", "bot_response": "вњЁ **Trending Services This Month**\n\n**1. SPA**\n   рџ”Ґ 3 bookings\n   рџ’° в‚№299\n\n**2. HAIR CUT**\n   рџ”Ґ 1 bookings\n   рџ’° в‚№199\n\n**3. HEAD MASSAGE**\n   рџ”Ґ 1 bookings\n   рџ’° в‚№59\n\nрџ’Ў Ready to try something new?", "intent": "popular_services", "created_at": "2026-02-02T06:20:47.725Z", "salon_mentioned": null}}, {"model": "chatbot.userchathistory", "pk": 53, "fields": {"user": 27, "user_message": "Find salons near me", "bot_response": "рџЄ’ **Looking for Salons?**\n\nрџ’™ Your favorite: **Modi SALON** (4 visits)\n\nI can help you find the perfect salon in **surat**!\n\nрџ“Ќ **Browse Options:**\nвЂў Head to the **Explore** tab\nвЂў Filter by location & services\nвЂў Check ratings & reviews\nвЂў View photos & prices\n\nрџ’Ў **Quick Search:**\nTry: \"Find salons in [city name]\"", "intent": "find_salon", "created_at": "2026-02-05T13:01:29.562Z", "salon_mentioned": null}}, {"model": "chatbot.userchathistory", "pk": 54, "fields": {"user": 27, "user_message": "Book at Modi SALON", "bot_response": "рџ“… **Ready to Book Your Appointment?**\n\nIt's super easy! Just follow these steps:\n\n1пёЏвѓЈ Open the **Explore** tab\n2пёЏвѓЈ Choose your favorite salon\n3пёЏвѓЈ Select the service you want\n4пёЏвѓЈ Pick your preferred date & time\n5пёЏвѓЈ Confirm your booking!\n\nвњЁ **Pro Tips:**\nвЂў Morning slots (9-11 AM) are less crowded\nвЂў Book 2-3 days ahead for best times\nвЂў Check for special offers\n\nрџ’™ Quick book at your favorite: **Modi SALON**", "intent": "booking_help", "created_at": "2026-02-05T13:01:41.039Z", "salon_mentioned": null}}, {"model": "chatbot.userchathistory", "pk": 55, "fields": {"user": 27, "user_message": "Popular services this month", "bot_response": "вњЁ **Trending Services This Month**\n\n**1. SPA**\n   рџ”Ґ 3 bookings\n   рџ’° в‚№299\n\n**2. HAIR CUT**\n   рџ”Ґ 1 bookings\n   рџ’° в‚№199\n\n**3. HEAD MASSAGE**\n   рџ”Ґ 1 bookings\n   рџ’° в‚№59\n\nрџ’Ў Ready to try something new?", "intent": "popular_services", "created_at": "2026-02-05T13:01:47.485Z", "salon_mentioned": null}}, {"model": "chatbot.userchathistory", "pk": 56, "fields": {"user": 27, "user_message": "Haircare tips for my hair", "bot_response": "рџ’‡ **Haircare Essentials**\n\nвњЁ **Daily Care:**\nвЂў Wash 2-3 times/week (not daily!)\nвЂў Use lukewarm water, never hot\nвЂў Apply conditioner to ends only\nвЂў Air dry when possible\n\nрџЊџ **Pro Tips:**\nвЂў Trim every 6-8 weeks\nвЂў Weekly deep conditioning masks\nвЂў Minimize heat styling\nвЂў Brush from ends to roots\n\nрџ’Ў Book a hair spa for deep nourishment!", "intent": "beauty_tips", "created_at": "2026-02-05T13:01:49.827Z", "salon_mentioned": null}}, {"model": "chatbot.userchathistory", "pk": 57, "fields": {"user": 27, "user_message": "When should I book to avoid crowds?", "bot_response": "рџ•ђ **Best Times to Book**\n\nвЏ° **Least Busy Hours:**\nвЂў 9:00 AM - 11:00 AM (Morning fresh!)\nвЂў 2:00 PM - 4:00 PM (Afternoon quiet)\n\nрџљ« **Avoid These Times:**\nвЂў 12:00 PM - 2:00 PM (Lunch rush)\nвЂў 6:00 PM - 8:00 PM (Evening peak)\n\nрџ“… **Best Days:**\nвЂў Weekdays (Tuesday - Thursday)\nвЂў Early weekends (Saturday morning)\n\nрџ’Ў Book 2-3 days in advance for your preferred slot!", "intent": "best_time_to_book", "created_at": "2026-02-05T13:01:53.528Z", "salon_mentioned": null}}, {"model": "chatbot.userchathistory", "pk": 58, "fields": {"user": 27, "user_message": "Find salons near me", "bot_response": "рџЄ’ **Looking for Salons?**\n\nрџ’™ Your favorite: **Modi SALON** (4 visits)\n\nI can help you find the perfect salon in **surat**!\n\nрџ“Ќ **Browse Options:**\nвЂў Head to the **Explore** tab\nвЂў Filter by location & services\nвЂў Check ratings & reviews\nвЂў View photos & prices\n\nрџ’Ў **Quick Search:**\nTry: \"Find salons in [city name]\"", "intent": "find_salon", "created_at": "2026-02-05T13:14:10.000Z", "salon_mentioned": null}}, {"model": "chatbot.userchathistory", "pk": 59, "fields": {"user": 27, "user_message": "hi", "bot_response": "рџ‘‹ Hi mithil user1! Welcome to SalonCare!\n\nI can help you with:\nвЂў рџ”Ќ Finding nearby salons\nвЂў рџ“… Managing bookings\nвЂў рџ’… Beauty & haircare tips\nвЂў рџ’° Service pricing info\n\nWhat would you like to do today?", "intent": "greeting", "created_at": "2026-02-05T13:14:42.409Z", "salon_mentioned": null}}, {"model": "chatbot.userchathistory", "pk": 60, "fields": {"user": 27, "user_message": "service", "bot_response": "рџ‘‹ Hi mithil user1! I can help you with:\n\nвЂў рџ”Ќ Finding salons\nвЂў рџ“… Managing bookings\nвЂў рџ’… Beauty tips\nвЂў рџ’° Pricing info\n\nTry asking:\n\"Find salons near me\"\n\"Show my bookings\"\n\"Haircare tips\"\n\"Popular services\"", "intent": "general_query", "created_at": "2026-02-05T13:14:49.929Z", "salon_mentioned": null}}, {"model": "chatbot.userchathistory", "pk": 61, "fields": {"user": 27, "user_message": "Book SPA", "bot_response": "рџ“… **Ready to Book Your Appointment?**\n\nIt's super easy! Just follow these steps:\n\n1пёЏвѓЈ Open the **Explore** tab\n2пёЏвѓЈ Choose your favorite salon\n3пёЏвѓЈ Select the service you want\n4пёЏвѓЈ Pick your preferred date & time\n5пёЏвѓЈ Confirm your booking!\n\nвњЁ **Pro Tips:**\nвЂў Morning slots (9-11 AM) are less crowded\nвЂў Book 2-3 days ahead for best times\nвЂў Check for special offers\n\nрџ’™ Quick book at your favorite: **Modi SALON**", "intent": "booking_help", "created_at": "2026-02-06T04:04:01.919Z", "salon_mentioned": null}}, {"model": "chatbot.userchathistory", "pk": 62, "fields": {"user": 27, "user_message": "Find salons near me", "bot_response": "рџЄ’ **Looking for Salons?**\n\nрџ’™ Your favorite: **Modi SALON** (4 visits)\n\nI can help you find the perfect salon in **surat**!\n\nрџ“Ќ **Browse Options:**\nвЂў Head to the **Explore** tab\nвЂў Filter by location & services\nвЂў Check ratings & reviews\nвЂў View photos & prices\n\nрџ’Ў **Quick Search:**\nTry: \"Find salons in [city name]\"", "intent": "find_salon", "created_at": "2026-02-06T04:04:07.232Z", "salon_mentioned": null}}, {"model": "chatbot.userchathistory", "pk": 63, "fields": {"user": 27, "user_message": "Book at Modi SALON", "bot_response": "рџ“… **Ready to Book Your Appointment?**\n\nIt's super easy! Just follow these steps:\n\n1пёЏвѓЈ Open the **Explore** tab\n2пёЏвѓЈ Choose your favorite salon\n3пёЏвѓЈ Select the service you want\n4пёЏвѓЈ Pick your preferred date & time\n5пёЏвѓЈ Confirm your booking!\n\nвњЁ **Pro Tips:**\nвЂў Morning slots (9-11 AM) are less crowded\nвЂў Book 2-3 days ahead for best times\nвЂў Check for special offers\n\nрџ’™ Quick book at your favorite: **Modi SALON**", "intent": "booking_help", "created_at": "2026-02-06T04:04:16.323Z", "salon_mentioned": null}}, {"model": "chatbot.userchathistory", "pk": 64, "fields": {"user": 27, "user_message": "Book SPA", "bot_response": "рџ“… **Ready to Book Your Appointment?**\n\nIt's super easy! Just follow these steps:\n\n1пёЏвѓЈ Open the **Explore** tab\n2пёЏвѓЈ Choose your favorite salon\n3пёЏвѓЈ Select the service you want\n4пёЏвѓЈ Pick your preferred date & time\n5пёЏвѓЈ Confirm your booking!\n\nвњЁ **Pro Tips:**\nвЂў Morning slots (9-11 AM) are less crowded\nвЂў Book 2-3 days ahead for best times\nвЂў Check for special offers\n\nрџ’™ Quick book at your favorite: **Modi SALON**", "intent": "booking_help", "created_at": "2026-02-06T04:04:18.167Z", "salon_mentioned": null}}, {"model": "chatbot.userchathistory", "pk": 65, "fields": {"user": 27, "user_message": "Popular services this month", "bot_response": "вњЁ **Trending Services This Month**\n\n**1. SPA**\n   рџ”Ґ 2 bookings\n   рџ’° в‚№299\n\n**2. HAIR CUT**\n   рџ”Ґ 1 bookings\n   рџ’° в‚№199\n\n**3. HEAD MASSAGE**\n   рџ”Ґ 1 bookings\n   рџ’° в‚№59\n\nрџ’Ў Ready to try something new?", "intent": "popular_services", "created_at": "2026-02-06T04:04:19.835Z", "salon_mentioned": null}}, {"model": "chatbot.userchathistory", "pk": 66, "fields": {"user": 27, "user_message": "Find salons near me", "bot_response": "рџЄ’ **Looking for Salons?**\n\nрџ’™ Your favorite: **Modi SALON** (5 visits)\n\nI can help you find the perfect salon in **surat**!\n\nрџ“Ќ **Browse Options:**\nвЂў Head to the **Explore** tab\nвЂў Filter by location & services\nвЂў Check ratings & reviews\nвЂў View photos & prices\n\nрџ’Ў **Quick Search:**\nTry: \"Find salons in [city name]\"", "intent": "find_salon", "created_at": "2026-02-06T05:37:25.808Z", "salon_mentioned": null}}, {"model": "chatbot.userchathistory", "pk": 67, "fields": {"user": 27, "user_message": "Book at Modi SALON", "bot_response": "рџ“… **Ready to Book Your Appointment?**\n\nIt's super easy! Just follow these steps:\n\n1пёЏвѓЈ Open the **Explore** tab\n2пёЏвѓЈ Choose your favorite salon\n3пёЏвѓЈ Select the service you want\n4пёЏвѓЈ Pick your preferred date & time\n5пёЏвѓЈ Confirm your booking!\n\nвњЁ **Pro Tips:**\nвЂў Morning slots (9-11 AM) are less crowded\nвЂў Book 2-3 days ahead for best times\nвЂў Check for special offers\n\nрџ’™ Quick book at your favorite: **Modi SALON**", "intent": "booking_help", "created_at": "2026-02-06T05:37:27.119Z", "salon_mentioned": null}}, {"model": "chatbot.userchathistory", "pk": 68, "fields": {"user": 27, "user_message": "Find salons near me", "bot_response": "рџЄ’ **Looking for Salons?**\n\nрџ’™ Your favorite: **Modi SALON** (5 visits)\n\nI can help you find the perfect salon in **surat**!\n\nрџ“Ќ **Browse Options:**\nвЂў Head to the **Explore** tab\nвЂў Filter by location & services\nвЂў Check ratings & reviews\nвЂў View photos & prices\n\nрџ’Ў **Quick Search:**\nTry: \"Find salons in [city name]\"", "intent": "find_salon", "created_at": "2026-02-06T05:39:50.507Z", "salon_mentioned": null}}, {"model": "chatbot.userchathistory", "pk": 69, "fields": {"user": 27, "user_message": "Book at Modi SALON", "bot_response": "рџ“… **Ready to Book Your Appointment?**\n\nIt's super easy! Just follow these steps:\n\n1пёЏвѓЈ Open the **Explore** tab\n2пёЏвѓЈ Choose your favorite salon\n3пёЏвѓЈ Select the service you want\n4пёЏвѓЈ Pick your preferred date & time\n5пёЏвѓЈ Confirm your booking!\n\nвњЁ **Pro Tips:**\nвЂў Morning slots (9-11 AM) are less crowded\nвЂў Book 2-3 days ahead for best times\nвЂў Check for special offers\n\nрџ’™ Quick book at your favorite: **Modi SALON**", "intent": "booking_help", "created_at": "2026-02-06T05:39:51.626Z", "salon_mentioned": null}}, {"model": "chatbot.userchathistory", "pk": 70, "fields": {"user": 27, "user_message": "Book HAIR CUT", "bot_response": "рџ“… **Ready to Book Your Appointment?**\n\nIt's super easy! Just follow these steps:\n\n1пёЏвѓЈ Open the **Explore** tab\n2пёЏвѓЈ Choose your favorite salon\n3пёЏвѓЈ Select the service you want\n4пёЏвѓЈ Pick your preferred date & time\n5пёЏвѓЈ Confirm your booking!\n\nвњЁ **Pro Tips:**\nвЂў Morning slots (9-11 AM) are less crowded\nвЂў Book 2-3 days ahead for best times\nвЂў Check for special offers\n\nрџ’™ Quick book at your favorite: **Modi SALON**", "intent": "booking_help", "created_at": "2026-02-06T05:39:52.734Z", "salon_mentioned": null}}, {"model": "chatbot.userchathistory", "pk": 71, "fields": {"user": 27, "user_message": "Book HAIR CUT", "bot_response": "рџ“… **Ready to Book Your Appointment?**\n\nIt's super easy! Just follow these steps:\n\n1пёЏвѓЈ Open the **Explore** tab\n2пёЏвѓЈ Choose your favorite salon\n3пёЏвѓЈ Select the service you want\n4пёЏвѓЈ Pick your preferred date & time\n5пёЏвѓЈ Confirm your booking!\n\nвњЁ **Pro Tips:**\nвЂў Morning slots (9-11 AM) are less crowded\nвЂў Book 2-3 days ahead for best times\nвЂў Check for special offers\n\nрџ’™ Quick book at your favorite: **Modi SALON**", "intent": "booking_help", "created_at": "2026-02-06T05:39:53.844Z", "salon_mentioned": null}}, {"model": "chatbot.userchathistory", "pk": 72, "fields": {"user": 27, "user_message": "Find salons near me", "bot_response": "рџЄ’ **Looking for Salons?**\n\nрџ’™ Your favorite: **Modi SALON** (5 visits)\n\nI can help you find the perfect salon in **surat**!\n\nрџ“Ќ **Browse Options:**\nвЂў Head to the **Explore** tab\nвЂў Filter by location & services\nвЂў Check ratings & reviews\nвЂў View photos & prices\n\nрџ’Ў **Quick Search:**\nTry: \"Find salons in [city name]\"", "intent": "find_salon", "created_at": "2026-02-06T05:39:55.810Z", "salon_mentioned": null}}, {"model": "chatbot.userchathistory", "pk": 73, "fields": {"user": 27, "user_message": "Book at Modi SALON", "bot_response": "рџ“… **Ready to Book Your Appointment?**\n\nIt's super easy! Just follow these steps:\n\n1пёЏвѓЈ Open the **Explore** tab\n2пёЏвѓЈ Choose your favorite salon\n3пёЏвѓЈ Select the service you want\n4пёЏвѓЈ Pick your preferred date & time\n5пёЏвѓЈ Confirm your booking!\n\nвњЁ **Pro Tips:**\nвЂў Morning slots (9-11 AM) are less crowded\nвЂў Book 2-3 days ahead for best times\nвЂў Check for special offers\n\nрџ’™ Quick book at your favorite: **Modi SALON**", "intent": "booking_help", "created_at": "2026-02-06T05:39:57.068Z", "salon_mentioned": null}}, {"model": "chatbot.userchathistory", "pk": 74, "fields": {"user": 27, "user_message": "Popular services this month", "bot_response": "вњЁ **Trending Services This Month**\n\n**1. SPA**\n   рџ”Ґ 2 bookings\n   рџ’° в‚№299\n\n**2. HAIR CUT**\n   рџ”Ґ 1 bookings\n   рџ’° в‚№199\n\n**3. HEAD MASSAGE**\n   рџ”Ґ 1 bookings\n   рџ’° в‚№59\n\nрџ’Ў Ready to try something new?", "intent": "popular_services", "created_at": "2026-02-06T05:40:00.280Z", "salon_mentioned": null}}, {"model": "chatbot.userchathistory", "pk": 75, "fields": {"user": 27, "user_message": "Book HAIR CUT", "bot_response": "рџ“… **Ready to Book Your Appointment?**\n\nIt's super easy! Just follow these steps:\n\n1пёЏвѓЈ Open the **Explore** tab\n2пёЏвѓЈ Choose your favorite salon\n3пёЏвѓЈ Select the service you want\n4пёЏвѓЈ Pick your preferred date & time\n5пёЏвѓЈ Confirm your booking!\n\nвњЁ **Pro Tips:**\nвЂў Morning slots (9-11 AM) are less crowded\nвЂў Book 2-3 days ahead for best times\nвЂў Check for special offers\n\nрџ’™ Quick book at your favorite: **Modi SALON**", "intent": "booking_help", "created_at": "2026-02-06T05:40:02.476Z", "salon_mentioned": null}}, {"model": "chatbot.userchathistory", "pk": 76, "fields": {"user": 27, "user_message": "Book HAIR CUT", "bot_response": "рџ“… **Ready to Book Your Appointment?**\n\nIt's super easy! Just follow these steps:\n\n1пёЏвѓЈ Open the **Explore** tab\n2пёЏвѓЈ Choose your favorite salon\n3пёЏвѓЈ Select the service you want\n4пёЏвѓЈ Pick your preferred date & time\n5пёЏвѓЈ Confirm your booking!\n\nвњЁ **Pro Tips:**\nвЂў Morning slots (9-11 AM) are less crowded\nвЂў Book 2-3 days ahead for best times\nвЂў Check for special offers\n\nрџ’™ Quick book at your favorite: **Modi SALON**", "intent": "booking_help", "created_at": "2026-02-06T05:40:03.987Z", "salon_mentioned": null}}, {"model": "chatbot.userchathistory", "pk": 77, "fields": {"user": 27, "user_message": "How much does a haircut cost?", "bot_response": "рџ’° **Service Pricing Guide**\n\nPrices vary by salon location, reputation & stylist experience.\n\n**Average Ranges:**\nрџ’‡ Haircut: в‚№200 - в‚№800\nрџЋЁ Hair Color: в‚№1,500 - в‚№5,000\nвњЁ Hair Spa: в‚№800 - в‚№2,500\nрџ’† Full Spa: в‚№1,000 - в‚№3,500\nрџ’… Manicure: в‚№300 - в‚№800\nрџ’… Pedicure: в‚№400 - в‚№1,200\n\nрџ“Љ **Your Stats:**\nвЂў Total spent: в‚№756\nвЂў Avg per visit: в‚№151\n\nрџ’Ў Browse salons for exact pricing & special offers!", "intent": "pricing", "created_at": "2026-02-06T05:40:06.541Z", "salon_mentioned": null}}, {"model": "chatbot.userchathistory", "pk": 78, "fields": {"user": 27, "user_message": "Find salons near me", "bot_response": "рџЄ’ **Looking for Salons?**\n\nрџ’™ Your favorite: **Modi SALON** (5 visits)\n\nI can help you find the perfect salon in **surat**!\n\nрџ“Ќ **Browse Options:**\nвЂў Head to the **Explore** tab\nвЂў Filter by location & services\nвЂў Check ratings & reviews\nвЂў View photos & prices\n\nрџ’Ў **Quick Search:**\nTry: \"Find salons in [city name]\"", "intent": "find_salon", "created_at": "2026-02-06T05:40:20.758Z", "salon_mentioned": null}}, {"model": "chatbot.userchathistory", "pk": 79, "fields": {"user": 27, "user_message": "Find salons near me", "bot_response": "рџЄ’ **Looking for Salons?**\n\nрџ’™ Your favorite: **Modi SALON** (5 visits)\n\nI can help you find the perfect salon in **surat**!\n\nрџ“Ќ **Browse Options:**\nвЂў Head to the **Explore** tab\nвЂў Filter by location & services\nвЂў Check ratings & reviews\nвЂў View photos & prices\n\nрџ’Ў **Quick Search:**\nTry: \"Find salons in [city name]\"", "intent": "find_salon", "created_at": "2026-02-06T05:40:32.748Z", "salon_mentioned": null}}, {"model": "chatbot.userchathistory", "pk": 80, "fields": {"user": 27, "user_message": "Find salons near me", "bot_response": "рџЄ’ **Looking for Salons?**\n\nрџ’™ Your favorite: **Modi SALON** (5 visits)\n\nI can help you find the perfect salon in **surat**!\n\nрџ“Ќ **Browse Options:**\nвЂў Head to the **Explore** tab\nвЂў Filter by location & services\nвЂў Check ratings & reviews\nвЂў View photos & prices\n\nрџ’Ў **Quick Search:**\nTry: \"Find salons in [city name]\"", "intent": "find_salon", "created_at": "2026-02-06T05:41:09.642Z", "salon_mentioned": null}}, {"model": "chatbot.userchathistory", "pk": 81, "fields": {"user": 27, "user_message": "Book HAIR CUT", "bot_response": "рџ“… **Ready to Book Your Appointment?**\n\nIt's super easy! Just follow these steps:\n\n1пёЏвѓЈ Open the **Explore** tab\n2пёЏвѓЈ Choose your favorite salon\n3пёЏвѓЈ Select the service you want\n4пёЏвѓЈ Pick your preferred date & time\n5пёЏвѓЈ Confirm your booking!\n\nвњЁ **Pro Tips:**\nвЂў Morning slots (9-11 AM) are less crowded\nвЂў Book 2-3 days ahead for best times\nвЂў Check for special offers\n\nрџ’™ Quick book at your favorite: **Modi SALON**", "intent": "booking_help", "created_at": "2026-02-06T05:57:19.724Z", "salon_mentioned": null}}, {"model": "chatbot.userchathistory", "pk": 82, "fields": {"user": 27, "user_message": "Book at Modi SALON", "bot_response": "рџ“… **Ready to Book Your Appointment?**\n\nIt's super easy! Just follow these steps:\n\n1пёЏвѓЈ Open the **Explore** tab\n2пёЏвѓЈ Choose your favorite salon\n3пёЏвѓЈ Select the service you want\n4пёЏвѓЈ Pick your preferred date & time\n5пёЏвѓЈ Confirm your booking!\n\nвњЁ **Pro Tips:**\nвЂў Morning slots (9-11 AM) are less crowded\nвЂў Book 2-3 days ahead for best times\nвЂў Check for special offers\n\nрџ’™ Quick book at your favorite: **Modi SALON**", "intent": "booking_help", "created_at": "2026-02-10T11:20:58.453Z", "salon_mentioned": null}}, {"model": "chatbot.userchathistory", "pk": 83, "fields": {"user": 27, "user_message": "Find salons near me", "bot_response": "рџЄ’ **Looking for Salons?**\n\nрџ’™ Your favorite: **Modi SALON** (5 visits)\n\nI can help you find the perfect salon in **surat**!\n\nрџ“Ќ **Browse Options:**\nвЂў Head to the **Explore** tab\nвЂў Filter by location & services\nвЂў Check ratings & reviews\nвЂў View photos & prices\n\nрџ’Ў **Quick Search:**\nTry: \"Find salons in [city name]\"", "intent": "find_salon", "created_at": "2026-02-10T11:21:00.728Z", "salon_mentioned": null}}, {"model": "chatbot.userchathistory", "pk": 84, "fields": {"user": 27, "user_message": "My 2 upcoming appointments", "bot_response": "рџ“… **Your Upcoming Appointments** (2)\n\n**1. Modi SALON**\n   рџ“Ќ Service: HAIR CUT\n   рџ“… Feb 12, 2026 at 02:30 PM\n   рџ’° в‚№199\n   вњ… Status: COMPLETED\n\n**2. Modi SALON**\n   рџ“Ќ Service: HAIR CUT\n   рџ“… Feb 12, 2026 at 09:30 AM\n   рџ’° в‚№199\n   вњ… Status: COMPLETED\n\nрџ’Ў Tip: Arrive 5 minutes early for best service!", "intent": "my_bookings", "created_at": "2026-02-11T15:56:21.593Z", "salon_mentioned": null}}, {"model": "chatbot.userchathistory", "pk": 85, "fields": {"user": 27, "user_message": "When is my next appointment?", "bot_response": "рџ“… **Your Upcoming Appointments** (2)\n\n**1. Modi SALON**\n   рџ“Ќ Service: HAIR CUT\n   рџ“… Feb 12, 2026 at 02:30 PM\n   рџ’° в‚№199\n   вњ… Status: COMPLETED\n\n**2. Modi SALON**\n   рџ“Ќ Service: HAIR CUT\n   рџ“… Feb 12, 2026 at 09:30 AM\n   рџ’° в‚№199\n   вњ… Status: COMPLETED\n\nрџ’Ў Tip: Arrive 5 minutes early for best service!", "intent": "my_bookings", "created_at": "2026-02-11T15:56:24.757Z", "salon_mentioned": null}}, {"model": "chatbot.userchathistory", "pk": 86, "fields": {"user": 27, "user_message": "Popular services this month", "bot_response": "вњЁ **Trending Services This Month**\n\n**1. HAIR CUT**\n   рџ”Ґ 4 bookings\n   рџ’° в‚№199\n\n**2. HEAD MASSAGE**\n   рџ”Ґ 2 bookings\n   рџ’° в‚№59\n\n**3. SPA**\n   рџ”Ґ 2 bookings\n   рџ’° в‚№299\n\nрџ’Ў Ready to try something new?", "intent": "popular_services", "created_at": "2026-02-11T15:56:27.140Z", "salon_mentioned": null}}, {"model": "customers.customer", "pk": 2, "fields": {"full_name": "admin@gmail.com", "phone": "", "address": "", "city": "", "pincode": "", "gender": "NOT_SPECIFIED", "date_of_birth": null, "profile_picture": "", "preferred_services": [], "preferred_salons": [], "is_verified": false, "created_at": "2026-02-06T04:34:16.972Z", "updated_at": "2026-02-06T04:34:16.972Z"}}, {"model": "customers.customer", "pk": 3, "fields": {"full_name": "aPZPw56UZ7bjpU3S15a50SZXquE2", "phone": "", "address": "", "city": "", "pincode": "", "gender": "NOT_SPECIFIED", "date_of_birth": null, "profile_picture": "", "preferred_services": [], "preferred_salons": [], "is_verified": false, "created_at": "2026-01-26T07:27:06.657Z", "updated_at": "2026-01-26T07:27:06.657Z"}}, {"model": "customers.customer", "pk": 27, "fields": {"full_name": "mithil user1", "phone": "3265986565", "address": "nfj", "city": "surat", "pincode": "395004", "gender": "MALE", "date_of_birth": "2004-10-11", "profile_picture": "", "preferred_services": [], "preferred_salons": [], "is_verified": true, "created_at": "2026-01-26T06:15:00.719Z", "updated_at": "2026-03-06T07:39:21.330Z"}}, {"model": "customers.customer", "pk": 29, "fields": {"full_name": "MITHIL DABHI", "phone": "9872546978", "address": "", "city": "SURAT", "pincode": "", "gender": "NOT_SPECIFIED", "date_of_birth": null, "profile_picture": "", "preferred_services": [], "preferred_salons": [], "is_verified": false, "created_at": "2026-01-26T07:27:06.680Z", "updated_at": "2026-01-27T18:13:47.975Z"}}, {"model": "customers.customer", "pk": 38, "fields": {"full_name": "Salon3", "phone": "", "address": "", "city": "", "pincode": "", "gender": "NOT_SPECIFIED", "date_of_birth": null, "profile_picture": "", "preferred_services": [], "preferred_salons": [], "is_verified": false, "created_at": "2026-02-16T11:57:44.016Z", "updated_at": "2026-02-16T11:57:44.026Z"}}, {"model": "hairstyle_ml.hairstyleanalysis", "pk": 1, "fields": {"user": 27, "uploaded_image": "hairstyle_uploads/2026/02/05/scaled_6cd9de49-24dd-493c-ba3b-875f21d6ff79348230804781175971.jpg", "face_shape": "ROUND", "current_hair_length": "long", "current_hair_color": "medium/brown", "recommendations": [{"name": "High Fade with Quiff", "difficulty": "medium", "maintenance": "high", "description": "Volume on top, short sides"}, {"name": "Pompadour", "difficulty": "hard", "maintenance": "high", "description": "Dramatic height and volume"}, {"name": "Faux Hawk", "difficulty": "medium", "maintenance": "medium", "description": "Edgy center spike"}, {"name": "Textured Top", "difficulty": "easy", "maintenance": "medium", "description": "Messy textured look"}], "styling_tips": ["Add height on top to elongate your face", "Side parts work better than center parts", "Avoid blunt bangs", "Volume at the crown creates balance"], "recommended_products": ["Quality shampoo and conditioner", "Heat protectant spray", "Wide-tooth comb", "Leave-in conditioner", "Argan oil", "Curl defining cream"], "analysis_successful": true, "error_message": null, "user_gender": "male", "user_preferences": {}, "created_at": "2026-02-05T13:13:41.448Z", "updated_at": "2026-02-05T13:13:42.035Z", "confidence_score": null}}, {"model": "hairstyle_ml.hairstyleanalysis", "pk": 2, "fields": {"user": 27, "uploaded_image": "hairstyle_uploads/2026/02/05/scaled_1000228487.jpg", "face_shape": "ROUND", "current_hair_length": "medium", "current_hair_color": "medium/brown", "recommendations": [{"name": "High Fade with Quiff", "difficulty": "medium", "maintenance": "high", "description": "Volume on top, short sides"}, {"name": "Pompadour", "difficulty": "hard", "maintenance": "high", "description": "Dramatic height and volume"}, {"name": "Faux Hawk", "difficulty": "medium", "maintenance": "medium", "description": "Edgy center spike"}, {"name": "Textured Top", "difficulty": "easy", "maintenance": "medium", "description": "Messy textured look"}], "styling_tips": ["Add height on top to elongate your face", "Side parts work better than center parts", "Avoid blunt bangs", "Volume at the crown creates balance"], "recommended_products": ["Quality shampoo and conditioner", "Heat protectant spray", "Wide-tooth comb", "Styling cream", "Light hold gel", "Blow dryer with diffuser"], "analysis_successful": true, "error_message": null, "user_gender": "male", "user_preferences": {}, "created_at": "2026-02-05T13:14:09.876Z", "updated_at": "2026-02-05T13:14:09.950Z", "confidence_score": null}}, {"model": "hairstyle_ml.hairstyleanalysis", "pk": 3, "fields": {"user": 27, "uploaded_image": "hairstyle_uploads/2026/02/06/scaled_1000228487.jpg", "face_shape": "ROUND", "current_hair_length": "medium", "current_hair_color": "medium/brown", "recommendations": [{"name": "Long Layers", "difficulty": "medium", "maintenance": "medium", "description": "Elongating layers"}, {"name": "Side-Swept Bangs", "difficulty": "easy", "maintenance": "medium", "description": "Flattering side fringe"}, {"name": "Angled Bob", "difficulty": "medium", "maintenance": "low", "description": "Longer front, shorter back"}, {"name": "High Ponytail", "difficulty": "easy", "maintenance": "low", "description": "Lifts facial features"}], "styling_tips": ["Add height on top to elongate your face", "Side parts work better than center parts", "Avoid blunt bangs", "Volume at the crown creates balance"], "recommended_products": ["Quality shampoo and conditioner", "Heat protectant spray", "Wide-tooth comb", "Styling cream", "Light hold gel", "Blow dryer with diffuser"], "analysis_successful": true, "error_message": null, "user_gender": "female", "user_preferences": {}, "created_at": "2026-02-06T04:04:44.075Z", "updated_at": "2026-02-06T04:04:44.722Z", "confidence_score": null}}]
